title,description,images,author,content,role
Nhập môn ReactJS,Mo taMo taMo taMo taMo taMo taMo taMo taMo taMo taMo taMo taMo taMo taMo taMo taMo taMo taMo taMo taMo taMo taMo taMo ta,https://res.cloudinary.com/ddbod5k0w/image/upload/v1730044919/cbedvaupspnflnuelr5l.png,66f02f858b509e87c09456b4,"<p># Node.js l&agrave; g&igrave;? &nbsp;</p>
<p><br>Node.js l&agrave; một m&ocirc;i trường chạy JavaScript ph&iacute;a server, được x&acirc;y dựng dựa tr&ecirc;n V8 JavaScript Engine của Google. Node.js cho ph&eacute;p tạo ra c&aacute;c ứng dụng web tốc độ cao, c&oacute; khả năng xử l&yacute; lượng lớn y&ecirc;u cầu đồng thời m&agrave; kh&ocirc;ng bị nghẽn.</p>
<p>&nbsp;</p>
<p># Lợi &iacute;ch của việc học Node.js &nbsp;</p>
<p><br>- Hiệu suất cao: Node.js c&oacute; khả năng xử l&yacute; c&aacute;c y&ecirc;u cầu kh&ocirc;ng đồng bộ, gi&uacute;p ứng dụng c&oacute; tốc độ nhanh hơn.<br>- Đa nền tảng: Hỗ trợ cả Windows, macOS v&agrave; Linux, dễ d&agrave;ng triển khai.<br>- JavaScript to&agrave;n diện: Sử dụng JavaScript cho cả backend v&agrave; frontend.<br>- Thư viện phong ph&uacute;: C&oacute; sẵn rất nhiều g&oacute;i phần mềm tr&ecirc;n npm (Node Package Manager) gi&uacute;p dễ d&agrave;ng t&iacute;ch hợp t&iacute;nh năng v&agrave;o dự &aacute;n.</p>
<p>&nbsp;</p>
<p># Cấu tr&uacute;c kh&oacute;a học Node.js &nbsp;</p>
<p><br>- Giới thiệu về Node.js: Kh&aacute;i niệm v&agrave; c&agrave;i đặt m&ocirc;i trường.<br>- X&acirc;y dựng RESTful API: Hướng dẫn tạo c&aacute;c endpoint API cơ bản, xử l&yacute; HTTP request v&agrave; response.<br>- Quản l&yacute; cơ sở dữ liệu: Kết nối Node.js với MongoDB, PostgreSQL, MySQL.<br>- Xử l&yacute; bất đồng bộ: Callback, Promise, async/await trong Node.js.<br>- Bảo mật API: JWT, OAuth, bảo vệ c&aacute;c endpoint API.<br>- Socket.IO v&agrave; Websockets: X&acirc;y dựng ứng dụng realtime như chat, th&ocirc;ng b&aacute;o.</p>
<p>&nbsp;&nbsp;<br># Ai n&ecirc;n học Node.js?</p>
<p>&nbsp;<br>- Lập tr&igrave;nh vi&ecirc;n Frontend muốn trở th&agrave;nh lập tr&igrave;nh vi&ecirc;n Fullstack.<br>- Những người mới bắt đầu t&igrave;m kiếm ng&ocirc;n ngữ dễ học cho backend.<br>- Lập tr&igrave;nh vi&ecirc;n muốn tối ưu h&oacute;a hiệu suất ứng dụng web.</p>
<p>&nbsp;</p>
<p># Mục ti&ecirc;u kh&oacute;a học &nbsp;</p>
<p><br>- Hiểu c&aacute;ch vận h&agrave;nh của Node.js.<br>- Tạo ứng dụng web với Node.js.<br>- T&iacute;ch hợp Node.js với cơ sở dữ liệu.<br>- Xử l&yacute; logic bất đồng bộ hiệu quả.</p>
<p>&nbsp;</p>
<p># T&agrave;i liệu v&agrave; c&ocirc;ng cụ sử dụng &nbsp;<br>- Node.js: Phi&ecirc;n bản LTS mới nhất.<br>- Express.js: Framework hỗ trợ tạo server dễ d&agrave;ng.<br>- Postman: C&ocirc;ng cụ để kiểm thử API.<br>- MongoDB: Cơ sở dữ liệu NoSQL phổ biến.</p>
<p># Kết luận &nbsp;</p>
<p><br>Kh&oacute;a học Node.js sẽ cung cấp cho bạn nền tảng vững chắc về ph&aacute;t triển web backend. Sau kh&oacute;a học, bạn sẽ c&oacute; khả năng x&acirc;y dựng v&agrave; triển khai c&aacute;c ứng dụng Node.js, tạo REST API, v&agrave; xử l&yacute; dữ liệu một c&aacute;ch hiệu quả.</p>",Backend